filename,true_label,predicted_label,probability_fake,correct
easy_213_1111.jpg,fake,real,0.009860,0
fake_10046.jpg,fake,fake,0.999706,1
fake_10195.jpg,fake,fake,0.618690,1
fake_10645.jpg,fake,fake,0.985175,1
fake_10734.jpg,fake,fake,0.999562,1
fake_10748.jpg,fake,fake,0.577163,1
fake_10756.jpg,fake,fake,0.999674,1
fake_10825.jpg,fake,fake,0.997835,1
fake_11258.jpg,fake,fake,0.994834,1
fake_11264.jpg,fake,fake,0.755095,1
fake_11393.jpg,fake,fake,0.996806,1
fake_11658.jpg,fake,fake,0.998633,1
fake_12093.jpg,fake,fake,0.980938,1
fake_12305.jpg,fake,fake,0.995617,1
fake_1246.jpg,fake,fake,0.994472,1
fake_12478.jpg,fake,fake,0.999453,1
fake_12636.jpg,fake,fake,0.999993,1
fake_12639.jpg,fake,fake,0.997796,1
fake_12857.jpg,fake,fake,0.999697,1
fake_12948.jpg,fake,fake,0.999792,1
fake_13097.jpg,fake,fake,0.995643,1
fake_13592.jpg,fake,fake,0.999989,1
fake_13765.jpg,fake,fake,0.989378,1
fake_13767.jpg,fake,real,0.433091,0
fake_14114.jpg,fake,fake,0.765696,1
fake_14150.jpg,fake,fake,0.929818,1
fake_14170.jpg,fake,fake,0.994797,1
fake_1436.jpg,fake,fake,0.999959,1
fake_14587.jpg,fake,fake,0.998913,1
fake_14863.jpg,fake,fake,0.866182,1
fake_14877.jpg,fake,fake,0.962363,1
fake_14976.jpg,fake,fake,0.999419,1
fake_15230.jpg,fake,fake,0.915092,1
fake_15279.jpg,fake,real,0.343317,0
fake_15286.jpg,fake,fake,0.858902,1
fake_15372.jpg,fake,fake,0.990869,1
fake_15581.jpg,fake,real,0.146175,0
fake_15652.jpg,fake,fake,0.993964,1
fake_15657.jpg,fake,fake,0.980222,1
fake_16018.jpg,fake,real,0.002574,0
fake_162.jpg,fake,real,0.018457,0
fake_16339.jpg,fake,fake,0.995922,1
fake_16684.jpg,fake,real,0.333679,0
fake_16807.jpg,fake,fake,0.995583,1
fake_16860.jpg,fake,fake,0.997806,1
fake_17018.jpg,fake,fake,0.936362,1
fake_17145.jpg,fake,fake,0.992977,1
fake_17392.jpg,fake,fake,0.987837,1
fake_17597.jpg,fake,fake,0.993577,1
fake_1780.jpg,fake,fake,0.992156,1
fake_17888.jpg,fake,fake,0.997153,1
fake_17901.jpg,fake,fake,0.999834,1
fake_18302.jpg,fake,fake,0.938913,1
fake_18394.jpg,fake,fake,0.997377,1
fake_18522.jpg,fake,real,0.001633,0
fake_18552.jpg,fake,fake,0.999604,1
fake_18709.jpg,fake,fake,0.995638,1
fake_1879.jpg,fake,fake,0.994520,1
fake_18837.jpg,fake,fake,0.676346,1
fake_19044.jpg,fake,fake,0.994455,1
fake_19061.jpg,fake,fake,0.999629,1
fake_19185.jpg,fake,fake,0.944527,1
fake_19267.jpg,fake,real,0.007263,0
fake_19531.jpg,fake,fake,0.973294,1
fake_19833.jpg,fake,real,0.059988,0
fake_19879.jpg,fake,fake,0.966547,1
fake_1988.jpg,fake,fake,0.999970,1
fake_19950.jpg,fake,fake,0.997727,1
fake_20250.jpg,fake,real,0.053200,0
fake_20429.jpg,fake,fake,0.999452,1
fake_2046.jpg,fake,fake,0.999914,1
fake_20539.jpg,fake,fake,0.998638,1
fake_20628.jpg,fake,real,0.011764,0
fake_20714.jpg,fake,fake,0.983274,1
fake_20852.jpg,fake,fake,0.998783,1
fake_21143.jpg,fake,fake,0.999652,1
fake_21186.jpg,fake,fake,0.970956,1
fake_21261.jpg,fake,fake,0.999975,1
fake_21347.jpg,fake,fake,0.999368,1
fake_21953.jpg,fake,fake,0.969209,1
fake_22179.jpg,fake,fake,0.608852,1
fake_22355.jpg,fake,fake,0.999820,1
fake_22368.jpg,fake,fake,0.998447,1
fake_22422.jpg,fake,fake,0.897662,1
fake_22479.jpg,fake,fake,0.999939,1
fake_22514.jpg,fake,fake,0.999886,1
fake_22893.jpg,fake,fake,0.999813,1
fake_23075.jpg,fake,fake,0.993139,1
fake_23406.jpg,fake,fake,0.999938,1
fake_23732.jpg,fake,fake,0.814337,1
fake_23791.jpg,fake,fake,0.999922,1
fake_23876.jpg,fake,fake,0.999872,1
fake_2392.jpg,fake,fake,0.999976,1
fake_23999.jpg,fake,fake,0.918133,1
fake_24251.jpg,fake,fake,0.999349,1
fake_24578.jpg,fake,fake,0.986537,1
fake_24721.jpg,fake,fake,0.948736,1
fake_24997.jpg,fake,fake,0.581133,1
fake_25050.jpg,fake,real,0.352509,0
fake_25308.jpg,fake,fake,0.990560,1
fake_25569.jpg,fake,fake,0.999895,1
fake_25683.jpg,fake,fake,0.950783,1
fake_25690.jpg,fake,fake,0.999972,1
fake_25702.jpg,fake,fake,0.999141,1
fake_25838.jpg,fake,fake,0.999753,1
fake_25859.jpg,fake,fake,0.997316,1
fake_25940.jpg,fake,fake,0.977015,1
fake_26078.jpg,fake,fake,0.925354,1
fake_2611.jpg,fake,fake,0.999993,1
fake_26362.jpg,fake,fake,0.997410,1
fake_26453.jpg,fake,real,0.391786,0
fake_26471.jpg,fake,real,0.059194,0
fake_27069.jpg,fake,fake,0.999974,1
fake_2717.jpg,fake,fake,0.939694,1
fake_27358.jpg,fake,fake,0.999380,1
fake_2743.jpg,fake,fake,0.993272,1
fake_27574.jpg,fake,fake,0.998543,1
fake_27779.jpg,fake,fake,0.921189,1
fake_27822.jpg,fake,fake,0.661164,1
fake_27869.jpg,fake,fake,0.999970,1
fake_27987.jpg,fake,real,0.094002,0
fake_28143.jpg,fake,fake,0.998546,1
fake_28558.jpg,fake,fake,0.994241,1
fake_28584.jpg,fake,fake,0.954330,1
fake_28808.jpg,fake,real,0.108642,0
fake_28965.jpg,fake,fake,0.999218,1
fake_29050.jpg,fake,fake,0.982971,1
fake_29485.jpg,fake,real,0.028241,0
fake_29529.jpg,fake,fake,0.997897,1
fake_29557.jpg,fake,fake,0.997381,1
fake_29663.jpg,fake,fake,0.975518,1
fake_29839.jpg,fake,fake,0.531109,1
fake_30499.jpg,fake,fake,0.978884,1
fake_30508.jpg,fake,real,0.094170,0
fake_30579.jpg,fake,fake,0.999835,1
fake_30888.jpg,fake,fake,0.999455,1
fake_30923.jpg,fake,fake,0.800106,1
fake_31170.jpg,fake,fake,0.997845,1
fake_31422.jpg,fake,fake,0.999936,1
fake_31577.jpg,fake,fake,0.866979,1
fake_31802.jpg,fake,fake,0.894195,1
fake_31993.jpg,fake,fake,0.974568,1
fake_32141.jpg,fake,fake,0.722478,1
fake_32155.jpg,fake,fake,0.999705,1
fake_32300.jpg,fake,fake,0.643970,1
fake_32390.jpg,fake,fake,0.955239,1
fake_32524.jpg,fake,fake,0.969014,1
fake_32707.jpg,fake,fake,0.995832,1
fake_32823.jpg,fake,real,0.335179,0
fake_33049.jpg,fake,fake,0.998650,1
fake_3316.jpg,fake,fake,0.999556,1
fake_33341.jpg,fake,real,0.009560,0
fake_33747.jpg,fake,real,0.470623,0
fake_33872.jpg,fake,fake,0.983185,1
fake_34009.jpg,fake,fake,0.997841,1
fake_34043.jpg,fake,fake,0.997174,1
fake_34114.jpg,fake,fake,0.999960,1
fake_34628.jpg,fake,fake,0.996667,1
fake_34946.jpg,fake,fake,0.987485,1
fake_34994.jpg,fake,real,0.383532,0
fake_3513.jpg,fake,fake,0.999780,1
fake_35162.jpg,fake,real,0.054150,0
fake_35177.jpg,fake,fake,0.999983,1
fake_35631.jpg,fake,fake,0.964300,1
fake_35644.jpg,fake,fake,0.973803,1
fake_35671.jpg,fake,fake,0.998256,1
fake_35724.jpg,fake,fake,0.999945,1
fake_35946.jpg,fake,fake,0.992393,1
fake_35952.jpg,fake,fake,0.999649,1
fake_3601.jpg,fake,fake,0.998158,1
fake_36534.jpg,fake,fake,0.982237,1
fake_36840.jpg,fake,fake,0.996869,1
fake_36864.jpg,fake,fake,0.998645,1
fake_37083.jpg,fake,fake,0.999707,1
fake_37131.jpg,fake,fake,0.997651,1
fake_37415.jpg,fake,fake,0.999982,1
fake_37497.jpg,fake,fake,0.992677,1
fake_37515.jpg,fake,real,0.010164,0
fake_37670.jpg,fake,fake,0.999229,1
fake_3776.jpg,fake,fake,0.963275,1
fake_37864.jpg,fake,fake,0.999634,1
fake_38048.jpg,fake,fake,0.990617,1
fake_38157.jpg,fake,fake,0.999869,1
fake_38288.jpg,fake,fake,0.999639,1
fake_38314.jpg,fake,fake,0.998836,1
fake_38424.jpg,fake,fake,0.917087,1
fake_38612.jpg,fake,fake,0.999971,1
fake_38618.jpg,fake,fake,0.999394,1
fake_38622.jpg,fake,fake,0.958039,1
fake_38920.jpg,fake,fake,0.998181,1
fake_390.jpg,fake,fake,0.800864,1
fake_39038.jpg,fake,fake,0.967532,1
fake_39132.jpg,fake,fake,0.999992,1
fake_3923.jpg,fake,fake,0.994976,1
fake_39286.jpg,fake,fake,0.992091,1
fake_39386.jpg,fake,fake,0.998744,1
fake_39473.jpg,fake,fake,0.999921,1
fake_39651.jpg,fake,fake,0.899747,1
fake_39776.jpg,fake,fake,0.998980,1
fake_39853.jpg,fake,fake,0.946212,1
fake_39914.jpg,fake,fake,0.999983,1
fake_39942.jpg,fake,fake,0.999975,1
fake_39955.jpg,fake,fake,0.998179,1
fake_40109.jpg,fake,fake,0.999509,1
fake_40343.jpg,fake,fake,0.999942,1
fake_40439.jpg,fake,fake,0.999993,1
fake_40566.jpg,fake,fake,0.668456,1
fake_40591.jpg,fake,fake,0.642530,1
fake_40760.jpg,fake,fake,0.999818,1
fake_40768.jpg,fake,fake,0.999918,1
fake_40972.jpg,fake,fake,0.932689,1
fake_41076.jpg,fake,fake,0.992781,1
fake_41151.jpg,fake,real,0.015465,0
fake_41213.jpg,fake,fake,0.999963,1
fake_41466.jpg,fake,fake,0.831936,1
fake_4149.jpg,fake,fake,0.658979,1
fake_41534.jpg,fake,fake,0.999495,1
fake_41552.jpg,fake,fake,0.996559,1
fake_41643.jpg,fake,fake,0.999960,1
fake_4168.jpg,fake,real,0.000521,0
fake_41711.jpg,fake,fake,0.978187,1
fake_41728.jpg,fake,fake,0.884497,1
fake_41789.jpg,fake,fake,0.999876,1
fake_4180.jpg,fake,fake,0.999963,1
fake_41819.jpg,fake,fake,0.893552,1
fake_41828.jpg,fake,fake,0.999895,1
fake_41857.jpg,fake,fake,0.999742,1
fake_41945.jpg,fake,fake,0.996092,1
fake_42052.jpg,fake,real,0.044716,0
fake_42476.jpg,fake,fake,0.999963,1
fake_42618.jpg,fake,fake,0.989140,1
fake_42803.jpg,fake,fake,0.999048,1
fake_42872.jpg,fake,fake,0.999916,1
fake_42935.jpg,fake,fake,0.999751,1
fake_42945.jpg,fake,fake,0.953142,1
fake_43333.jpg,fake,fake,0.998026,1
fake_43404.jpg,fake,fake,0.999942,1
fake_43619.jpg,fake,fake,0.995464,1
fake_44100.jpg,fake,fake,0.999899,1
fake_44329.jpg,fake,fake,0.994436,1
fake_44359.jpg,fake,fake,0.991785,1
fake_44604.jpg,fake,fake,0.998432,1
fake_44618.jpg,fake,fake,0.997963,1
fake_44723.jpg,fake,fake,0.720831,1
fake_44850.jpg,fake,fake,0.999489,1
fake_44874.jpg,fake,fake,0.999895,1
fake_44890.jpg,fake,fake,0.999943,1
fake_44953.jpg,fake,fake,0.999820,1
fake_45040.jpg,fake,fake,0.999860,1
fake_4509.jpg,fake,fake,0.999269,1
fake_4514.jpg,fake,fake,0.999749,1
fake_45190.jpg,fake,fake,0.509267,1
fake_45327.jpg,fake,fake,0.999598,1
fake_45339.jpg,fake,fake,0.979163,1
fake_45478.jpg,fake,fake,0.999870,1
fake_45724.jpg,fake,fake,0.999705,1
fake_45730.jpg,fake,fake,0.999871,1
fake_45762.jpg,fake,fake,0.995035,1
fake_45806.jpg,fake,fake,0.815930,1
fake_45862.jpg,fake,fake,0.991024,1
fake_45876.jpg,fake,fake,0.891580,1
fake_45939.jpg,fake,fake,0.999924,1
fake_46220.jpg,fake,fake,0.994899,1
fake_46254.jpg,fake,fake,0.999930,1
fake_4639.jpg,fake,fake,0.999659,1
fake_46731.jpg,fake,fake,0.870949,1
fake_46740.jpg,fake,fake,0.999887,1
fake_46772.jpg,fake,fake,0.999718,1
fake_46817.jpg,fake,fake,0.986164,1
fake_47021.jpg,fake,fake,0.719351,1
fake_4704.jpg,fake,fake,0.815177,1
fake_47121.jpg,fake,fake,0.999210,1
fake_47230.jpg,fake,fake,0.999893,1
fake_47261.jpg,fake,fake,0.999434,1
fake_47433.jpg,fake,fake,0.997326,1
fake_47563.jpg,fake,fake,0.998789,1
fake_4776.jpg,fake,fake,0.999896,1
fake_47960.jpg,fake,fake,0.980425,1
fake_48331.jpg,fake,fake,0.997243,1
fake_48958.jpg,fake,fake,0.983840,1
fake_49122.jpg,fake,fake,0.995951,1
fake_49136.jpg,fake,fake,0.999872,1
fake_49247.jpg,fake,fake,0.999119,1
fake_49855.jpg,fake,real,0.348758,0
fake_49920.jpg,fake,real,0.097591,0
fake_50059.jpg,fake,fake,0.998447,1
fake_50065.jpg,fake,fake,0.999921,1
fake_50623.jpg,fake,fake,0.985942,1
fake_50625.jpg,fake,fake,0.951050,1
fake_50793.jpg,fake,fake,0.668955,1
fake_50990.jpg,fake,fake,0.525949,1
fake_5118.jpg,fake,fake,0.983922,1
fake_51331.jpg,fake,fake,0.540322,1
fake_51436.jpg,fake,fake,0.999805,1
fake_51653.jpg,fake,fake,0.996535,1
fake_51773.jpg,fake,fake,0.999914,1
fake_51886.jpg,fake,fake,0.965154,1
fake_51927.jpg,fake,fake,0.999827,1
fake_51984.jpg,fake,fake,0.999678,1
fake_51994.jpg,fake,real,0.003429,0
fake_52295.jpg,fake,fake,0.998496,1
fake_52387.jpg,fake,fake,0.999919,1
fake_52685.jpg,fake,fake,0.998568,1
fake_52897.jpg,fake,fake,0.999932,1
fake_53208.jpg,fake,fake,0.996454,1
fake_5332.jpg,fake,fake,0.999891,1
fake_53556.jpg,fake,fake,0.996898,1
fake_5357.jpg,fake,fake,0.889828,1
fake_53594.jpg,fake,fake,0.821450,1
fake_53793.jpg,fake,fake,0.998637,1
fake_54083.jpg,fake,fake,0.947847,1
fake_54138.jpg,fake,fake,0.986149,1
fake_54239.jpg,fake,fake,0.988174,1
fake_54315.jpg,fake,fake,0.995449,1
fake_54564.jpg,fake,real,0.055786,0
fake_5467.jpg,fake,fake,0.760273,1
fake_55041.jpg,fake,real,0.233384,0
fake_55178.jpg,fake,fake,0.927849,1
fake_55355.jpg,fake,fake,0.504793,1
fake_55366.jpg,fake,fake,0.695461,1
fake_55367.jpg,fake,fake,0.998085,1
fake_55408.jpg,fake,real,0.422567,0
fake_55717.jpg,fake,fake,0.999882,1
fake_55882.jpg,fake,fake,0.952422,1
fake_56276.jpg,fake,fake,0.754558,1
fake_564.jpg,fake,fake,0.918244,1
fake_56546.jpg,fake,fake,0.970143,1
fake_56591.jpg,fake,fake,0.997706,1
fake_56652.jpg,fake,real,0.152925,0
fake_56671.jpg,fake,fake,0.996789,1
fake_56846.jpg,fake,fake,0.998115,1
fake_56863.jpg,fake,fake,0.997076,1
fake_57137.jpg,fake,real,0.258010,0
fake_57405.jpg,fake,fake,0.986782,1
fake_5741.jpg,fake,fake,0.996010,1
fake_5746.jpg,fake,fake,0.990555,1
fake_57570.jpg,fake,fake,0.896808,1
fake_57642.jpg,fake,fake,0.998485,1
fake_58340.jpg,fake,fake,0.999461,1
fake_58552.jpg,fake,fake,0.997741,1
fake_58662.jpg,fake,fake,0.986592,1
fake_58707.jpg,fake,fake,0.901888,1
fake_58719.jpg,fake,fake,0.975394,1
fake_58741.jpg,fake,fake,0.998964,1
fake_58768.jpg,fake,fake,0.999831,1
fake_5883.jpg,fake,fake,0.997626,1
fake_59167.jpg,fake,fake,0.988061,1
fake_59309.jpg,fake,fake,0.995957,1
fake_59511.jpg,fake,fake,0.934317,1
fake_59590.jpg,fake,fake,0.997415,1
fake_59741.jpg,fake,fake,0.968696,1
fake_59951.jpg,fake,fake,0.998605,1
fake_60052.jpg,fake,fake,0.982428,1
fake_60180.jpg,fake,real,0.179679,0
fake_60281.jpg,fake,fake,0.999502,1
fake_60651.jpg,fake,fake,0.999764,1
fake_60861.jpg,fake,fake,0.996990,1
fake_60923.jpg,fake,real,0.421579,0
fake_61044.jpg,fake,fake,0.991377,1
fake_61346.jpg,fake,fake,0.999021,1
fake_6137.jpg,fake,fake,0.923460,1
fake_61463.jpg,fake,fake,0.997244,1
fake_61521.jpg,fake,fake,0.996911,1
fake_61660.jpg,fake,real,0.022471,0
fake_61661.jpg,fake,fake,0.996972,1
fake_61745.jpg,fake,fake,0.998558,1
fake_61764.jpg,fake,fake,0.995179,1
fake_6183.jpg,fake,fake,0.996700,1
fake_62150.jpg,fake,fake,0.635660,1
fake_62540.jpg,fake,fake,0.955269,1
fake_62547.jpg,fake,fake,0.989759,1
fake_627.jpg,fake,fake,0.905448,1
fake_62834.jpg,fake,fake,0.960089,1
fake_62963.jpg,fake,fake,0.977676,1
fake_63071.jpg,fake,fake,0.999959,1
fake_63086.jpg,fake,fake,0.998654,1
fake_63276.jpg,fake,fake,0.999993,1
fake_63291.jpg,fake,real,0.438322,0
fake_63341.jpg,fake,real,0.005071,0
fake_63696.jpg,fake,fake,0.970894,1
fake_63731.jpg,fake,fake,0.993336,1
fake_63815.jpg,fake,fake,0.997079,1
fake_64018.jpg,fake,fake,0.994008,1
fake_6426.jpg,fake,fake,0.956631,1
fake_6435.jpg,fake,fake,0.988725,1
fake_64622.jpg,fake,fake,0.955868,1
fake_64757.jpg,fake,fake,0.889298,1
fake_64763.jpg,fake,fake,0.990928,1
fake_65065.jpg,fake,fake,0.998995,1
fake_65068.jpg,fake,fake,0.995903,1
fake_65099.jpg,fake,fake,0.993667,1
fake_65126.jpg,fake,fake,0.991873,1
fake_6518.jpg,fake,fake,0.678426,1
fake_65530.jpg,fake,fake,0.999849,1
fake_65728.jpg,fake,real,0.431461,0
fake_65828.jpg,fake,real,0.282528,0
fake_65830.jpg,fake,fake,0.877855,1
fake_65975.jpg,fake,fake,0.765456,1
fake_66248.jpg,fake,fake,0.981426,1
fake_6652.jpg,fake,fake,0.996892,1
fake_66627.jpg,fake,fake,0.981943,1
fake_66904.jpg,fake,fake,0.720338,1
fake_6734.jpg,fake,fake,0.999656,1
fake_67642.jpg,fake,fake,0.998462,1
fake_67753.jpg,fake,fake,0.911824,1
fake_67899.jpg,fake,fake,0.991128,1
fake_68077.jpg,fake,fake,0.999821,1
fake_68408.jpg,fake,fake,0.992403,1
fake_68525.jpg,fake,fake,0.990124,1
fake_68809.jpg,fake,fake,0.533105,1
fake_68855.jpg,fake,fake,0.999903,1
fake_68940.jpg,fake,fake,0.991314,1
fake_69177.jpg,fake,fake,0.999919,1
fake_69383.jpg,fake,fake,0.854110,1
fake_69417.jpg,fake,fake,0.998171,1
fake_7168.jpg,fake,fake,0.999742,1
fake_7405.jpg,fake,fake,0.999323,1
fake_7521.jpg,fake,fake,0.997537,1
fake_7713.jpg,fake,real,0.152319,0
fake_7815.jpg,fake,fake,0.654607,1
fake_8098.jpg,fake,real,0.389656,0
fake_820.jpg,fake,fake,0.999632,1
fake_8248.jpg,fake,fake,0.982189,1
fake_8262.jpg,fake,fake,0.998895,1
fake_8479.jpg,fake,fake,0.997632,1
fake_8498.jpg,fake,fake,0.862615,1
fake_8600.jpg,fake,real,0.122917,0
fake_8660.jpg,fake,fake,0.999226,1
fake_880.jpg,fake,fake,0.978594,1
fake_8855.jpg,fake,fake,0.947107,1
fake_9077.jpg,fake,fake,0.999979,1
fake_914.jpg,fake,fake,0.995594,1
fake_9186.jpg,fake,fake,0.969042,1
fake_9290.jpg,fake,fake,0.999176,1
fake_9294.jpg,fake,fake,0.998857,1
fake_9438.jpg,fake,fake,0.999453,1
fake_9820.jpg,fake,fake,0.995208,1
fake_9828.jpg,fake,fake,0.998740,1
hard_129_1111.jpg,fake,real,0.071594,0
hard_208_0001.jpg,fake,real,0.304429,0
id0_id17_0001_frame300_face6.jpg,fake,real,0.014414,0
id0_id26_0003_frame480_face9.jpg,fake,fake,0.945506,1
id0_id26_0007_frame60_face5.jpg,fake,fake,0.695418,1
id0_id4_0000_frame120_face3.jpg,fake,real,0.414864,0
id10_id11_0007_frame420_face10.jpg,fake,fake,0.649085,1
id10_id7_0004_frame0_face1.jpg,fake,fake,0.988489,1
id13_id10_0001_frame0_face1.jpg,fake,fake,0.536421,1
id13_id10_0008_frame360_face7.jpg,fake,fake,0.603145,1
id13_id7_0005_frame180_face5.jpg,fake,fake,0.999870,1
id16_id17_0006_frame120_face3.jpg,fake,fake,0.999905,1
id16_id17_0009_frame60_face2.jpg,fake,fake,0.999185,1
id16_id1_0006_frame180_face4.jpg,fake,fake,0.848480,1
id16_id1_0007_frame120_face6.jpg,fake,fake,0.736742,1
id16_id20_0007_frame240_face16.jpg,fake,fake,0.671298,1
id16_id23_0000_frame240_face6.jpg,fake,fake,0.693044,1
id16_id23_0002_frame360_face9.jpg,fake,fake,0.720887,1
id16_id26_0005_frame180_face4.jpg,fake,fake,0.512745,1
id16_id2_0004_frame300_face6.jpg,fake,fake,0.929489,1
id16_id2_0006_frame60_face2.jpg,fake,fake,0.975509,1
id16_id2_0007_frame240_face12.jpg,fake,fake,0.696238,1
id16_id31_0013_frame120_face3.jpg,fake,fake,0.995750,1
id16_id35_0005_frame120_face3.jpg,fake,fake,0.995930,1
id16_id37_0009_frame180_face6.jpg,fake,fake,0.999999,1
id16_id9_0002_frame0_face1.jpg,fake,fake,0.999650,1
id16_id9_0007_frame240_face12.jpg,fake,fake,0.696238,1
id17_id23_0001_frame60_face2.jpg,fake,fake,0.972038,1
id17_id31_0000_frame120_face3.jpg,fake,fake,0.988376,1
id17_id35_0006_frame60_face2.jpg,fake,fake,0.999999,1
id17_id9_0004_frame180_face4.jpg,fake,fake,0.885003,1
id19_id22_0000_frame240_face5.jpg,fake,fake,0.998997,1
id19_id27_0006_frame180_face4.jpg,fake,real,0.449259,0
id19_id28_0005_frame180_face4.jpg,fake,fake,0.995699,1
id1_id0_0007_frame60_face3.jpg,fake,fake,0.702444,1
id1_id21_0007_frame120_face6.jpg,fake,fake,0.993638,1
id1_id23_0004_frame360_face7.jpg,fake,fake,0.999899,1
id1_id23_0007_frame180_face8.jpg,fake,fake,0.999434,1
id1_id28_0007_frame240_face10.jpg,fake,fake,0.995930,1
id1_id2_0005_frame420_face8.jpg,fake,fake,0.999819,1
id1_id31_0006_frame480_face9.jpg,fake,fake,0.999939,1
id1_id37_0004_frame300_face6.jpg,fake,fake,0.979548,1
id1_id37_0009_frame360_face7.jpg,fake,fake,0.999869,1
id20_id16_0000_frame180_face5.jpg,fake,fake,0.999978,1
id20_id16_0003_frame180_face7.jpg,fake,fake,0.974709,1
id20_id1_0008_frame120_face5.jpg,fake,fake,0.606792,1
id20_id21_0002_frame300_face7.jpg,fake,fake,0.847135,1
id20_id21_0008_frame120_face6.jpg,fake,fake,0.620311,1
id20_id22_0008_frame120_face4.jpg,fake,fake,0.999991,1
id20_id23_0002_frame300_face7.jpg,fake,fake,0.847135,1
id20_id28_0001_frame240_face12.jpg,fake,fake,0.906580,1
id20_id29_0006_frame60_face2.jpg,fake,fake,0.983958,1
id20_id31_0000_frame60_face3.jpg,fake,fake,0.738344,1
id20_id32_0003_frame180_face7.jpg,fake,fake,0.984850,1
id20_id32_0003_frame60_face3.jpg,fake,fake,0.762617,1
id20_id32_0005_frame300_face6.jpg,fake,fake,0.984017,1
id20_id34_0008_frame240_face8.jpg,fake,fake,0.999816,1
id20_id37_0008_frame180_face7.jpg,fake,fake,0.999995,1
id20_id3_0000_frame240_face7.jpg,fake,fake,0.827352,1
id20_id4_0001_frame180_face8.jpg,fake,fake,0.999997,1
id21_id28_0001_frame60_face2.jpg,fake,fake,0.993693,1
id22_id21_0002_frame180_face5.jpg,fake,fake,0.999894,1
id22_id23_0004_frame120_face3.jpg,fake,fake,0.999548,1
id22_id24_0009_frame180_face4.jpg,fake,fake,0.947215,1
id23_id20_0001_frame180_face4.jpg,fake,fake,0.999821,1
id23_id26_0007_frame60_face3.jpg,fake,fake,0.917065,1
id23_id27_0000_frame300_face6.jpg,fake,fake,0.999619,1
id23_id29_0003_frame120_face3.jpg,fake,fake,0.834083,1
id23_id2_0005_frame0_face1.jpg,fake,fake,0.995989,1
id23_id38_0004_frame240_face6.jpg,fake,fake,0.868495,1
id24_id19_0009_frame120_face3.jpg,fake,fake,0.961025,1
id24_id19_0009_frame180_face5.jpg,fake,fake,0.984103,1
id24_id21_0005_frame180_face4.jpg,fake,fake,0.999992,1
id24_id23_0007_frame180_face8.jpg,fake,fake,0.996648,1
id24_id23_0007_frame300_face11.jpg,fake,fake,0.985483,1
id24_id25_0005_frame180_face4.jpg,fake,fake,0.999943,1
id24_id25_0009_frame120_face3.jpg,fake,fake,0.987071,1
id24_id27_0005_frame0_face1.jpg,fake,fake,0.999979,1
id26_id0_0006_frame300_face6.jpg,fake,fake,0.999980,1
id26_id16_0006_frame60_face2.jpg,fake,fake,0.999423,1
id26_id20_0000_frame300_face6.jpg,fake,fake,0.998691,1
id26_id2_0009_frame0_face1.jpg,fake,fake,0.900137,1
id26_id3_0005_frame180_face4.jpg,fake,fake,0.999758,1
id28_id16_0001_frame0_face1.jpg,fake,fake,0.749407,1
id28_id17_0001_frame0_face5.jpg,fake,fake,0.713643,1
id28_id1_0000_frame300_face11.jpg,fake,fake,0.999538,1
id28_id21_0008_frame60_face3.jpg,fake,fake,0.999804,1
id28_id24_0001_frame120_face11.jpg,fake,fake,0.674887,1
id28_id2_0000_frame60_face4.jpg,fake,fake,0.706119,1
id28_id2_0009_frame180_face4.jpg,fake,fake,0.999811,1
id28_id30_0001_frame120_face12.jpg,fake,fake,0.734028,1
id28_id30_0007_frame180_face4.jpg,fake,fake,0.999977,1
id28_id32_0001_frame300_face21.jpg,fake,fake,0.974497,1
id28_id34_0001_frame180_face14.jpg,fake,fake,0.706022,1
id28_id37_0001_frame120_face11.jpg,fake,fake,0.674887,1
id28_id3_0006_frame120_face6.jpg,fake,fake,0.666517,1
id28_id6_0008_frame240_face6.jpg,fake,fake,0.991241,1
id29_id21_0006_frame360_face9.jpg,fake,fake,0.860687,1
id29_id23_0005_frame300_face28.jpg,fake,fake,0.776100,1
id29_id34_0005_frame240_face23.jpg,fake,fake,0.803881,1
id29_id35_0006_frame360_face9.jpg,fake,fake,0.955968,1
id29_id35_0008_frame120_face4.jpg,fake,fake,0.730807,1
id29_id37_0004_frame240_face5.jpg,fake,fake,0.999996,1
id29_id38_0000_frame120_face4.jpg,fake,fake,0.996957,1
id29_id38_0006_frame0_face1.jpg,fake,fake,0.998526,1
id2_id17_0009_frame0_face1.jpg,fake,fake,0.992103,1
id2_id1_0002_frame120_face3.jpg,fake,real,0.314362,0
id2_id20_0006_frame120_face3.jpg,fake,fake,0.999930,1
id2_id23_0000_frame240_face5.jpg,fake,fake,0.999657,1
id2_id26_0007_frame360_face7.jpg,fake,fake,0.999994,1
id2_id30_0001_frame360_face10.jpg,fake,fake,1.000000,1
id2_id30_0004_frame240_face5.jpg,fake,fake,0.999997,1
id2_id3_0002_frame0_face1.jpg,fake,fake,0.998894,1
id2_id4_0008_frame300_face7.jpg,fake,fake,0.986997,1
id30_id17_0006_frame120_face4.jpg,fake,fake,0.999098,1
id30_id1_0006_frame120_face4.jpg,fake,fake,0.967479,1
id30_id1_0009_frame0_face2.jpg,fake,fake,0.729874,1
id30_id20_0002_frame300_face9.jpg,fake,fake,0.989994,1
id30_id20_0007_frame300_face6.jpg,fake,fake,0.983950,1
id30_id21_0000_frame300_face11.jpg,fake,fake,0.817214,1
id30_id21_0004_frame240_face5.jpg,fake,fake,0.999982,1
id30_id26_0000_frame60_face2.jpg,fake,fake,0.803339,1
id30_id28_0003_frame180_face6.jpg,fake,fake,0.999972,1
id30_id29_0003_frame180_face5.jpg,fake,fake,0.999872,1
id30_id29_0007_frame180_face4.jpg,fake,fake,0.911723,1
id30_id33_0008_frame0_face1.jpg,fake,fake,0.969401,1
id30_id38_0003_frame0_face2.jpg,fake,fake,0.999987,1
id30_id4_0006_frame0_face1.jpg,fake,fake,0.961310,1
id30_id6_0006_frame240_face6.jpg,fake,fake,0.999798,1
id30_id9_0001_frame120_face6.jpg,fake,fake,0.997020,1
id31_id17_0001_frame60_face2.jpg,fake,fake,0.997513,1
id31_id1_0006_frame300_face8.jpg,fake,fake,0.756603,1
id31_id1_0007_frame420_face14.jpg,fake,fake,0.879907,1
id31_id21_0001_frame300_face6.jpg,fake,fake,0.999915,1
id31_id23_0006_frame0_face1.jpg,fake,fake,0.908520,1
id31_id23_0007_frame240_face8.jpg,fake,fake,0.691224,1
id31_id28_0007_frame0_face3.jpg,fake,real,0.429941,0
id31_id29_0006_frame120_face3.jpg,fake,fake,0.999637,1
id31_id32_0001_frame180_face4.jpg,fake,fake,0.982474,1
id31_id32_0009_frame300_face6.jpg,fake,fake,0.967758,1
id31_id35_0009_frame360_face8.jpg,fake,fake,0.992652,1
id31_id37_0006_frame180_face4.jpg,fake,fake,0.761015,1
id31_id6_0009_frame120_face4.jpg,fake,fake,0.719237,1
id32_id20_0000_frame0_face2.jpg,fake,fake,0.976132,1
id32_id29_0001_frame180_face12.jpg,fake,fake,0.734628,1
id32_id29_0005_frame180_face5.jpg,fake,fake,0.999935,1
id32_id30_0000_frame480_face16.jpg,fake,fake,0.999930,1
id32_id31_0005_frame0_face1.jpg,fake,fake,0.521943,1
id32_id33_0001_frame360_face23.jpg,fake,fake,0.773438,1
id32_id38_0000_frame60_face5.jpg,fake,fake,0.781264,1
id33_id21_0004_frame60_face2.jpg,fake,fake,0.720436,1
id33_id30_0007_frame0_face2.jpg,fake,fake,0.999513,1
id33_id31_0000_frame240_face7.jpg,fake,fake,0.970699,1
id33_id37_0000_frame420_face11.jpg,fake,fake,0.636568,1
id33_id37_0006_frame120_face10.jpg,fake,fake,0.999984,1
id33_id38_0006_frame120_face8.jpg,fake,fake,0.999919,1
id34_id20_0002_frame120_face3.jpg,fake,fake,0.999913,1
id34_id29_0007_frame300_face5.jpg,fake,fake,0.817465,1
id34_id32_0001_frame0_face1.jpg,fake,fake,0.971200,1
id34_id35_0005_frame180_face7.jpg,fake,fake,0.998338,1
id35_id20_0000_frame60_face3.jpg,fake,fake,0.946321,1
id35_id23_0001_frame120_face6.jpg,fake,fake,0.900227,1
id35_id2_0007_frame180_face4.jpg,fake,fake,0.894382,1
id35_id34_0001_frame300_face10.jpg,fake,fake,0.686173,1
id35_id37_0002_frame60_face3.jpg,fake,fake,0.994785,1
id35_id38_0002_frame360_face9.jpg,fake,fake,0.992707,1
id35_id38_0007_frame120_face3.jpg,fake,real,0.353312,0
id35_id3_0001_frame120_face6.jpg,fake,fake,0.999354,1
id35_id4_0000_frame480_face14.jpg,fake,fake,0.971743,1
id35_id6_0000_frame480_face13.jpg,fake,fake,0.824663,1
id35_id6_0002_frame0_face1.jpg,fake,fake,0.726735,1
id37_id17_0001_frame180_face7.jpg,fake,fake,0.999996,1
id37_id32_0003_frame180_face6.jpg,fake,fake,0.982237,1
id37_id33_0008_frame120_face3.jpg,fake,fake,0.996686,1
id37_id34_0000_frame300_face6.jpg,fake,fake,0.999894,1
id37_id34_0001_frame120_face4.jpg,fake,fake,0.997314,1
id37_id35_0007_frame0_face1.jpg,fake,fake,0.999478,1
id37_id35_0008_frame120_face3.jpg,fake,fake,0.999988,1
id37_id38_0003_frame240_face9.jpg,fake,fake,0.757030,1
id37_id3_0009_frame420_face8.jpg,fake,fake,0.996758,1
id37_id6_0008_frame0_face1.jpg,fake,fake,0.998520,1
id38_id26_0008_frame300_face9.jpg,fake,fake,0.942601,1
id38_id31_0000_frame420_face15.jpg,fake,real,0.499939,0
id39_id40_0001_frame60_face2.jpg,fake,fake,0.999032,1
id39_id43_0009_frame180_face4.jpg,fake,fake,0.999522,1
id39_id44_0001_frame240_face5.jpg,fake,fake,0.999951,1
id39_id44_0006_frame60_face2.jpg,fake,fake,0.998720,1
id39_id45_0003_frame60_face2.jpg,fake,fake,0.977149,1
id39_id47_0008_frame300_face6.jpg,fake,fake,0.993336,1
id3_id16_0009_frame60_face3.jpg,fake,fake,0.998783,1
id3_id17_0001_frame120_face3.jpg,fake,fake,0.976193,1
id3_id17_0001_frame360_face7.jpg,fake,fake,0.708517,1
id3_id21_0005_frame360_face7.jpg,fake,fake,0.994350,1
id3_id26_0001_frame120_face3.jpg,fake,fake,0.632646,1
id3_id30_0001_frame360_face7.jpg,fake,fake,0.882546,1
id3_id31_0000_frame300_face6.jpg,fake,fake,0.635330,1
id3_id31_0006_frame180_face4.jpg,fake,fake,0.709151,1
id3_id37_0001_frame0_face1.jpg,fake,fake,0.987502,1
id3_id37_0004_frame300_face6.jpg,fake,fake,0.996927,1
id3_id6_0009_frame300_face7.jpg,fake,fake,0.982785,1
id3_id9_0008_frame300_face7.jpg,fake,fake,0.891578,1
id40_id41_0001_frame180_face4.jpg,fake,real,0.454798,0
id40_id42_0000_frame180_face4.jpg,fake,fake,0.999293,1
id40_id43_0006_frame300_face6.jpg,fake,fake,0.999952,1
id40_id48_0005_frame60_face2.jpg,fake,fake,0.696769,1
id41_id40_0006_frame120_face4.jpg,fake,fake,0.991495,1
id41_id42_0001_frame0_face1.jpg,fake,fake,0.779936,1
id42_id48_0000_frame0_face1.jpg,fake,fake,0.972963,1
id43_id39_0004_frame300_face7.jpg,fake,fake,0.968819,1
id43_id40_0005_frame120_face7.jpg,fake,fake,0.992942,1
id43_id42_0001_frame120_face9.jpg,fake,fake,0.755397,1
id43_id44_0001_frame240_face13.jpg,fake,fake,0.818556,1
id43_id44_0007_frame240_face5.jpg,fake,fake,0.890264,1
id43_id46_0006_frame240_face6.jpg,fake,fake,0.998391,1
id44_id43_0000_frame120_face4.jpg,fake,real,0.006432,0
id44_id48_0005_frame300_face14.jpg,fake,fake,0.673616,1
id45_id40_0000_frame60_face2.jpg,fake,fake,0.999128,1
id45_id46_0008_frame60_face2.jpg,fake,fake,0.918529,1
id46_id42_0006_frame60_face2.jpg,fake,fake,0.996610,1
id46_id43_0007_frame180_face4.jpg,fake,real,0.414843,0
id47_id39_0005_frame240_face5.jpg,fake,real,0.407100,0
id47_id39_0009_frame0_face1.jpg,fake,fake,0.989710,1
id47_id43_0000_frame180_face4.jpg,fake,fake,0.997477,1
id48_id39_0000_frame240_face5.jpg,fake,fake,0.999664,1
id48_id39_0001_frame120_face7.jpg,fake,fake,0.999355,1
id48_id43_0001_frame60_face3.jpg,fake,fake,0.790303,1
id48_id43_0007_frame180_face4.jpg,fake,fake,0.970564,1
id48_id44_0002_frame180_face4.jpg,fake,fake,0.970374,1
id48_id46_0003_frame0_face2.jpg,fake,real,0.289709,0
id48_id47_0001_frame0_face1.jpg,fake,fake,0.832614,1
id49_id50_0006_frame180_face4.jpg,fake,fake,0.999629,1
id49_id51_0000_frame60_face2.jpg,fake,fake,0.954793,1
id49_id56_0002_frame180_face5.jpg,fake,fake,0.999288,1
id4_id0_0006_frame0_face1.jpg,fake,fake,0.997608,1
id4_id0_0009_frame120_face3.jpg,fake,fake,0.994804,1
id4_id1_0002_frame480_face9.jpg,fake,fake,0.882776,1
id4_id26_0005_frame180_face10.jpg,fake,fake,0.998089,1
id4_id28_0000_frame360_face9.jpg,fake,fake,0.998806,1
id4_id28_0004_frame240_face6.jpg,fake,fake,0.999913,1
id4_id37_0005_frame360_face16.jpg,fake,fake,0.931608,1
id4_id3_0008_frame240_face5.jpg,fake,fake,0.980145,1
id4_id9_0004_frame0_face2.jpg,fake,real,0.045019,0
id50_id51_0008_frame60_face2.jpg,fake,fake,0.999682,1
id50_id54_0001_frame360_face10.jpg,fake,fake,0.999998,1
id50_id54_0002_frame360_face7.jpg,fake,fake,0.997934,1
id52_id49_0004_frame300_face6.jpg,fake,fake,0.948178,1
id52_id55_0009_frame60_face2.jpg,fake,fake,0.999969,1
id52_id56_0007_frame60_face2.jpg,fake,fake,0.955248,1
id52_id56_0008_frame180_face7.jpg,fake,fake,0.941372,1
id52_id57_0005_frame360_face9.jpg,fake,fake,0.992025,1
id52_id58_0003_frame240_face5.jpg,fake,fake,0.999360,1
id53_id52_0003_frame180_face4.jpg,fake,fake,0.999996,1
id53_id54_0001_frame60_face2.jpg,fake,fake,0.930200,1
id53_id56_0000_frame360_face12.jpg,fake,fake,0.994411,1
id54_id55_0005_frame180_face7.jpg,fake,fake,0.996550,1
id54_id55_0007_frame120_face3.jpg,fake,fake,0.654455,1
id55_id49_0006_frame60_face2.jpg,fake,fake,0.999526,1
id55_id49_0008_frame0_face1.jpg,fake,fake,0.807454,1
id55_id49_0009_frame300_face26.jpg,fake,fake,0.626765,1
id55_id50_0002_frame180_face5.jpg,fake,fake,0.724151,1
id55_id53_0002_frame240_face8.jpg,fake,fake,0.982075,1
id55_id53_0007_frame0_face1.jpg,fake,fake,0.951847,1
id55_id56_0009_frame360_face31.jpg,fake,fake,0.611644,1
id55_id57_0009_frame420_face37.jpg,fake,fake,0.605551,1
id55_id58_0009_frame120_face10.jpg,fake,fake,0.598962,1
id56_id52_0001_frame360_face10.jpg,fake,fake,0.999671,1
id56_id55_0005_frame360_face7.jpg,fake,fake,0.970761,1
id57_id51_0006_frame60_face3.jpg,fake,fake,0.993941,1
id58_id54_0002_frame120_face8.jpg,fake,fake,0.535246,1
id58_id54_0002_frame180_face10.jpg,fake,fake,0.999984,1
id58_id56_0002_frame60_face6.jpg,fake,real,0.423567,0
id59_id5_0001_frame0_face1.jpg,fake,fake,0.942550,1
id59_id5_0008_frame120_face3.jpg,fake,fake,0.761194,1
id59_id60_0005_frame120_face8.jpg,fake,fake,0.686353,1
id59_id60_0006_frame60_face2.jpg,fake,fake,0.999329,1
id5_id59_0003_frame180_face7.jpg,fake,fake,0.990418,1
id5_id61_0008_frame120_face3.jpg,fake,real,0.351724,0
id60_id5_0005_frame120_face3.jpg,fake,fake,0.824295,1
id60_id5_0008_frame60_face2.jpg,fake,fake,0.712179,1
id61_id59_0005_frame360_face7.jpg,fake,fake,0.676476,1
id61_id59_0009_frame0_face1.jpg,fake,fake,0.868681,1
id61_id60_0000_frame300_face6.jpg,fake,real,0.487962,0
id6_id0_0003_frame60_face3.jpg,fake,real,0.435610,0
id6_id16_0007_frame300_face6.jpg,fake,fake,0.999877,1
id6_id17_0006_frame240_face5.jpg,fake,fake,0.715305,1
id6_id21_0001_frame300_face11.jpg,fake,fake,0.999972,1
id6_id2_0009_frame300_face7.jpg,fake,fake,0.999990,1
id6_id37_0005_frame360_face7.jpg,fake,fake,0.999991,1
id6_id3_0000_frame60_face2.jpg,fake,fake,0.984994,1
id6_id9_0002_frame480_face9.jpg,fake,fake,0.999947,1
id7_id10_0009_frame240_face5.jpg,fake,real,0.009454,0
id7_id11_0000_frame180_face6.jpg,fake,fake,0.963578,1
id7_id12_0005_frame0_face1.jpg,fake,real,0.095991,0
id9_id0_0000_frame180_face10.jpg,fake,fake,0.797376,1
id9_id0_0004_frame0_face1.jpg,fake,fake,0.999874,1
id9_id16_0000_frame240_face13.jpg,fake,fake,0.814032,1
id9_id16_0007_frame300_face13.jpg,fake,fake,0.735920,1
id9_id16_0007_frame360_face19.jpg,fake,fake,0.999939,1
id9_id20_0006_frame0_face1.jpg,fake,fake,0.999677,1
id9_id23_0000_frame120_face5.jpg,fake,fake,0.999978,1
id9_id26_0007_frame420_face18.jpg,fake,real,0.465009,0
id9_id28_0000_frame300_face14.jpg,fake,fake,0.803647,1
id9_id28_0004_frame60_face2.jpg,fake,fake,0.999997,1
id9_id28_0005_frame120_face3.jpg,fake,fake,0.908111,1
id9_id30_0000_frame300_face13.jpg,fake,fake,0.993027,1
id9_id30_0004_frame360_face8.jpg,fake,fake,0.586390,1
id9_id3_0000_frame420_face20.jpg,fake,fake,0.766388,1
id9_id3_0006_frame60_face2.jpg,fake,fake,0.999880,1
id9_id4_0004_frame0_face1.jpg,fake,fake,0.999066,1
id9_id6_0004_frame120_face3.jpg,fake,fake,0.987391,1
id9_id6_0007_frame180_face8.jpg,fake,fake,0.732217,1
mid_208_1110.jpg,fake,real,0.021741,0
00001_frame210_face9.jpg,real,real,0.025979,1
00014_frame180_face6.jpg,real,real,0.000992,1
00017_frame30_face2.jpg,real,real,0.000227,1
00027_frame300_face13.jpg,real,real,0.000209,1
00029_frame0_face1.jpg,real,real,0.001762,1
00031_frame240_face9.jpg,real,real,0.002615,1
00031_frame390_face14.jpg,real,real,0.003524,1
00032_frame210_face18.jpg,real,real,0.015771,1
00033_frame270_face13.jpg,real,real,0.001774,1
00037_frame30_face2.jpg,real,real,0.020193,1
00039_frame240_face10.jpg,real,real,0.056095,1
00050_frame120_face7.jpg,real,real,0.442625,1
00061_frame90_face6.jpg,real,real,0.000064,1
00065_frame240_face15.jpg,real,real,0.000039,1
00074_frame180_face11.jpg,real,real,0.016563,1
00077_frame180_face3.jpg,real,real,0.000100,1
00080_frame60_face3.jpg,real,fake,0.945252,0
00087_frame330_face38.jpg,real,fake,0.627631,0
00087_frame330_face40.jpg,real,real,0.000190,1
00088_frame240_face10.jpg,real,real,0.042432,1
00095_frame60_face4.jpg,real,fake,0.537350,0
00116_frame60_face4.jpg,real,real,0.133451,1
00123_frame90_face5.jpg,real,real,0.006308,1
00125_frame210_face8.jpg,real,real,0.011957,1
00129_frame390_face36.jpg,real,fake,0.781252,0
00133_frame420_face19.jpg,real,real,0.356345,1
00138_frame450_face17.jpg,real,real,0.001644,1
00164_frame210_face5.jpg,real,real,0.123265,1
00170_frame300_face10.jpg,real,real,0.474584,1
00175_frame180_face9.jpg,real,real,0.000792,1
00200_frame30_face1.jpg,real,fake,0.734533,0
00213_frame180_face7.jpg,real,real,0.305895,1
00216_frame210_face9.jpg,real,real,0.001406,1
00223_frame420_face19.jpg,real,real,0.013338,1
00246_frame210_face8.jpg,real,fake,0.837074,0
00253_frame0_face1.jpg,real,real,0.011104,1
00259_frame30_face2.jpg,real,real,0.011162,1
00262_frame270_face19.jpg,real,real,0.075528,1
00264_frame0_face1.jpg,real,fake,0.813862,0
00276_frame150_face6.jpg,real,real,0.000024,1
00276_frame30_face2.jpg,real,real,0.000061,1
00280_frame0_face2.jpg,real,fake,0.857944,0
00280_frame150_face14.jpg,real,real,0.076596,1
00280_frame240_face19.jpg,real,real,0.001478,1
00282_frame210_face7.jpg,real,real,0.057117,1
00284_frame180_face12.jpg,real,real,0.289650,1
00291_frame450_face23.jpg,real,real,0.022416,1
00298_frame270_face10.jpg,real,fake,0.865285,0
id0_0006_frame420_face30.jpg,real,real,0.471019,1
id11_0001_frame360_face15.jpg,real,real,0.000691,1
id11_0002_frame30_face3.jpg,real,real,0.187494,1
id11_0003_frame150_face8.jpg,real,real,0.014050,1
id11_0008_frame0_face1.jpg,real,real,0.331261,1
id11_0008_frame30_face2.jpg,real,real,0.069584,1
id12_0002_frame210_face8.jpg,real,real,0.494154,1
id13_0003_frame180_face7.jpg,real,real,0.003614,1
id13_0006_frame150_face9.jpg,real,real,0.057302,1
id13_0008_frame420_face15.jpg,real,real,0.004864,1
id13_0008_frame60_face3.jpg,real,real,0.004892,1
id16_0003_frame180_face8.jpg,real,real,0.088449,1
id16_0005_frame330_face14.jpg,real,real,0.045367,1
id16_0010_frame210_face8.jpg,real,real,0.009256,1
id1_0000_frame60_face3.jpg,real,real,0.003306,1
id1_0007_frame0_face3.jpg,real,real,0.018059,1
id20_0001_frame180_face17.jpg,real,fake,0.917196,0
id20_0001_frame30_face5.jpg,real,fake,0.850922,0
id22_0006_frame90_face5.jpg,real,real,0.279510,1
id24_0002_frame30_face2.jpg,real,real,0.010792,1
id24_0008_frame90_face5.jpg,real,real,0.023316,1
id28_0003_frame240_face9.jpg,real,real,0.042974,1
id29_0000_frame270_face12.jpg,real,real,0.011165,1
id29_0003_frame240_face10.jpg,real,real,0.001684,1
id29_0004_frame270_face10.jpg,real,real,0.084805,1
id2_0006_frame150_face7.jpg,real,real,0.064469,1
id2_0007_frame390_face15.jpg,real,real,0.002588,1
id30_0009_frame450_face31.jpg,real,real,0.013920,1
id31_0005_frame330_face13.jpg,real,real,0.004458,1
id32_0003_frame390_face16.jpg,real,real,0.001363,1
id32_0007_frame360_face13.jpg,real,real,0.004169,1
id33_0007_frame270_face12.jpg,real,fake,0.982712,0
id33_0009_frame60_face5.jpg,real,fake,0.984525,0
id34_0002_frame240_face9.jpg,real,real,0.001322,1
id34_0005_frame150_face11.jpg,real,fake,0.906883,0
id34_0005_frame30_face4.jpg,real,real,0.000444,1
id35_0002_frame330_face15.jpg,real,fake,0.737177,0
id35_0007_frame150_face7.jpg,real,real,0.208287,1
id35_0008_frame60_face5.jpg,real,fake,0.746331,0
id36_0002_frame180_face8.jpg,real,real,0.000301,1
id37_0000_frame180_face7.jpg,real,fake,0.984365,0
id38_0005_frame450_face16.jpg,real,real,0.191487,1
id3_0002_frame330_face12.jpg,real,real,0.002329,1
id40_0002_frame150_face7.jpg,real,real,0.006688,1
id40_0004_frame90_face7.jpg,real,fake,0.640248,0
id43_0003_frame60_face5.jpg,real,real,0.257490,1
id44_0005_frame180_face15.jpg,real,real,0.003713,1
id45_0008_frame210_face8.jpg,real,real,0.000355,1
id46_0003_frame240_face20.jpg,real,real,0.292539,1
id46_0003_frame270_face23.jpg,real,fake,0.641056,0
id47_0002_frame240_face11.jpg,real,fake,0.582536,0
id48_0002_frame90_face4.jpg,real,real,0.002724,1
id48_0006_frame30_face3.jpg,real,fake,0.592398,0
id49_0000_frame0_face1.jpg,real,real,0.000749,1
id49_0006_frame0_face1.jpg,real,real,0.011394,1
id4_0003_frame270_face29.jpg,real,real,0.462830,1
id50_0007_frame0_face1.jpg,real,real,0.048343,1
id50_0008_frame300_face23.jpg,real,real,0.020614,1
id51_0004_frame420_face16.jpg,real,real,0.430367,1
id52_0003_frame450_face20.jpg,real,fake,0.543096,0
id52_0008_frame300_face24.jpg,real,real,0.179341,1
id53_0008_frame270_face18.jpg,real,real,0.494182,1
id53_0009_frame360_face13.jpg,real,real,0.014339,1
id54_0005_frame30_face5.jpg,real,fake,0.622741,0
id54_0007_frame390_face27.jpg,real,fake,0.653574,0
id55_0006_frame60_face4.jpg,real,real,0.052085,1
id55_0007_frame90_face5.jpg,real,real,0.003556,1
id55_0008_frame120_face21.jpg,real,fake,0.737145,0
id55_0009_frame210_face34.jpg,real,fake,0.630361,0
id55_0009_frame420_face72.jpg,real,real,0.005397,1
id55_0009_frame570_face92.jpg,real,fake,0.649659,0
id56_0000_frame420_face15.jpg,real,real,0.267226,1
id56_0007_frame60_face3.jpg,real,real,0.000373,1
id57_0004_frame450_face17.jpg,real,real,0.482595,1
id57_0005_frame450_face17.jpg,real,real,0.004616,1
id57_0006_frame150_face11.jpg,real,fake,0.935331,0
id57_0006_frame420_face29.jpg,real,real,0.064427,1
id58_0000_frame210_face7.jpg,real,real,0.000603,1
id58_0004_frame390_face18.jpg,real,real,0.305326,1
id58_0006_frame420_face18.jpg,real,real,0.070773,1
id59_0001_frame120_face5.jpg,real,real,0.039575,1
id5_0004_frame60_face5.jpg,real,fake,0.990444,0
id61_0005_frame360_face13.jpg,real,real,0.122498,1
id61_0006_frame30_face2.jpg,real,real,0.154419,1
id61_0009_frame240_face12.jpg,real,real,0.108282,1
id6_0002_frame240_face9.jpg,real,real,0.122506,1
id6_0003_frame150_face13.jpg,real,real,0.454836,1
id6_0007_frame540_face19.jpg,real,fake,0.657797,0
id6_0008_frame360_face13.jpg,real,real,0.043594,1
id7_0004_frame450_face18.jpg,real,real,0.064761,1
id7_0009_frame150_face6.jpg,real,real,0.002556,1
id8_0000_frame120_face5.jpg,real,real,0.010337,1
id9_0002_frame210_face10.jpg,real,real,0.002028,1
id9_0006_frame390_face20.jpg,real,fake,0.622511,0
id9_0008_frame450_face16.jpg,real,real,0.024917,1
real_00070.jpg,real,real,0.106245,1
real_00253.jpg,real,real,0.004517,1
real_00570.jpg,real,real,0.004092,1
real_00577.jpg,real,real,0.114508,1
real_00579.jpg,real,real,0.018665,1
real_10132.jpg,real,real,0.000007,1
real_10152.jpg,real,real,0.000000,1
real_10217.jpg,real,real,0.000272,1
real_10273.jpg,real,real,0.000080,1
real_10351.jpg,real,real,0.047595,1
real_10420.jpg,real,real,0.000058,1
real_10486.jpg,real,real,0.332469,1
real_1064.jpg,real,real,0.000377,1
real_10659.jpg,real,real,0.000004,1
real_10741.jpg,real,real,0.000511,1
real_10791.jpg,real,real,0.000037,1
real_10801.jpg,real,real,0.000148,1
real_10851.jpg,real,real,0.000160,1
real_10891.jpg,real,real,0.000163,1
real_11096.jpg,real,real,0.000009,1
real_11189.jpg,real,real,0.000059,1
real_11308.jpg,real,real,0.000003,1
real_11333.jpg,real,real,0.000083,1
real_11523.jpg,real,real,0.000116,1
real_11567.jpg,real,real,0.000039,1
real_11576.jpg,real,real,0.000511,1
real_11686.jpg,real,real,0.000001,1
real_11812.jpg,real,real,0.000099,1
real_12003.jpg,real,fake,0.647041,0
real_12151.jpg,real,real,0.000001,1
real_12254.jpg,real,real,0.005189,1
real_12281.jpg,real,real,0.000012,1
real_12544.jpg,real,real,0.000022,1
real_12601.jpg,real,real,0.000002,1
real_12986.jpg,real,real,0.001108,1
real_13071.jpg,real,real,0.000040,1
real_1314.jpg,real,fake,0.669238,0
real_13145.jpg,real,real,0.000128,1
real_1327.jpg,real,real,0.000131,1
real_13449.jpg,real,real,0.000021,1
real_1352.jpg,real,real,0.000019,1
real_13699.jpg,real,real,0.001833,1
real_13791.jpg,real,real,0.002494,1
real_13809.jpg,real,real,0.000006,1
real_13811.jpg,real,real,0.000049,1
real_13927.jpg,real,real,0.000047,1
real_13993.jpg,real,real,0.000353,1
real_13994.jpg,real,real,0.002281,1
real_13996.jpg,real,real,0.000080,1
real_14373.jpg,real,real,0.001483,1
real_14459.jpg,real,real,0.000010,1
real_1452.jpg,real,real,0.249617,1
real_14572.jpg,real,real,0.000004,1
real_14683.jpg,real,real,0.000003,1
real_14710.jpg,real,real,0.014197,1
real_14755.jpg,real,real,0.002735,1
real_14899.jpg,real,real,0.000200,1
real_14943.jpg,real,real,0.000006,1
real_15493.jpg,real,real,0.000002,1
real_1551.jpg,real,fake,0.964307,0
real_15617.jpg,real,real,0.000014,1
real_15743.jpg,real,real,0.000655,1
real_15868.jpg,real,real,0.000001,1
real_15912.jpg,real,real,0.000151,1
real_15939.jpg,real,real,0.000004,1
real_15985.jpg,real,real,0.000061,1
real_16004.jpg,real,real,0.006155,1
real_16140.jpg,real,real,0.000016,1
real_16284.jpg,real,real,0.000127,1
real_16391.jpg,real,real,0.000023,1
real_16401.jpg,real,real,0.067167,1
real_16581.jpg,real,real,0.000046,1
real_167.jpg,real,real,0.013184,1
real_16713.jpg,real,real,0.000785,1
real_17065.jpg,real,real,0.000000,1
real_17131.jpg,real,real,0.000001,1
real_17236.jpg,real,real,0.000186,1
real_17490.jpg,real,real,0.000040,1
real_17718.jpg,real,real,0.000027,1
real_17835.jpg,real,real,0.000029,1
real_17932.jpg,real,real,0.000376,1
real_1812.jpg,real,fake,0.671482,0
real_18180.jpg,real,real,0.000036,1
real_18185.jpg,real,real,0.000101,1
real_18297.jpg,real,real,0.000059,1
real_18442.jpg,real,real,0.000001,1
real_18532.jpg,real,real,0.000114,1
real_18572.jpg,real,real,0.000231,1
real_18590.jpg,real,real,0.000030,1
real_18706.jpg,real,real,0.000024,1
real_188.jpg,real,real,0.000247,1
real_18967.jpg,real,real,0.000046,1
real_19073.jpg,real,real,0.000104,1
real_1925.jpg,real,real,0.000048,1
real_1926.jpg,real,real,0.000084,1
real_19400.jpg,real,real,0.000093,1
real_1941.jpg,real,real,0.012835,1
real_19509.jpg,real,real,0.002366,1
real_19709.jpg,real,real,0.000003,1
real_19748.jpg,real,real,0.000129,1
real_19789.jpg,real,real,0.002067,1
real_19874.jpg,real,real,0.000023,1
real_19922.jpg,real,real,0.000005,1
real_19987.jpg,real,real,0.000493,1
real_20105.jpg,real,real,0.000133,1
real_20155.jpg,real,real,0.000020,1
real_20176.jpg,real,real,0.000016,1
real_2044.jpg,real,real,0.004343,1
real_20647.jpg,real,real,0.000002,1
real_20778.jpg,real,real,0.000031,1
real_20821.jpg,real,real,0.006081,1
real_20945.jpg,real,real,0.000424,1
real_20956.jpg,real,real,0.000026,1
real_21053.jpg,real,real,0.000157,1
real_21100.jpg,real,real,0.202092,1
real_2114.jpg,real,real,0.004764,1
real_21166.jpg,real,real,0.000018,1
real_2128.jpg,real,real,0.000291,1
real_21304.jpg,real,real,0.000012,1
real_21350.jpg,real,real,0.001124,1
real_21430.jpg,real,real,0.000213,1
real_21469.jpg,real,real,0.000009,1
real_21470.jpg,real,real,0.000074,1
real_21615.jpg,real,real,0.000010,1
real_2170.jpg,real,real,0.000408,1
real_21862.jpg,real,real,0.004997,1
real_21954.jpg,real,real,0.004894,1
real_22277.jpg,real,real,0.000322,1
real_22346.jpg,real,real,0.001641,1
real_22614.jpg,real,real,0.000062,1
real_22672.jpg,real,real,0.000263,1
real_22675.jpg,real,real,0.000309,1
real_2273.jpg,real,real,0.000125,1
real_23036.jpg,real,real,0.000535,1
real_23188.jpg,real,real,0.001108,1
real_23360.jpg,real,real,0.000046,1
real_23425.jpg,real,real,0.000094,1
real_23771.jpg,real,real,0.000759,1
real_24048.jpg,real,real,0.000125,1
real_24292.jpg,real,real,0.069936,1
real_24331.jpg,real,real,0.000185,1
real_24360.jpg,real,real,0.000008,1
real_24566.jpg,real,real,0.000014,1
real_24581.jpg,real,real,0.001664,1
real_24658.jpg,real,real,0.002029,1
real_24725.jpg,real,real,0.000934,1
real_24822.jpg,real,real,0.000093,1
real_24823.jpg,real,real,0.000186,1
real_25005.jpg,real,real,0.000049,1
real_25091.jpg,real,real,0.000401,1
real_25182.jpg,real,real,0.009753,1
real_25195.jpg,real,real,0.001536,1
real_25277.jpg,real,real,0.000660,1
real_2552.jpg,real,real,0.002274,1
real_25752.jpg,real,real,0.000073,1
real_25870.jpg,real,real,0.000101,1
real_26032.jpg,real,real,0.000041,1
real_26060.jpg,real,real,0.025594,1
real_26166.jpg,real,real,0.000551,1
real_2618.jpg,real,fake,0.954982,0
real_26193.jpg,real,real,0.007071,1
real_2666.jpg,real,real,0.057208,1
real_26857.jpg,real,real,0.000316,1
real_27075.jpg,real,real,0.000065,1
real_27275.jpg,real,real,0.000051,1
real_27283.jpg,real,real,0.000134,1
real_27647.jpg,real,real,0.000008,1
real_27934.jpg,real,real,0.000006,1
real_28110.jpg,real,real,0.000015,1
real_28358.jpg,real,real,0.000337,1
real_28372.jpg,real,real,0.001115,1
real_28645.jpg,real,real,0.000154,1
real_28739.jpg,real,real,0.000017,1
real_2882.jpg,real,real,0.000418,1
real_28940.jpg,real,real,0.000079,1
real_292.jpg,real,real,0.000322,1
real_29286.jpg,real,real,0.059367,1
real_29287.jpg,real,real,0.003182,1
real_29296.jpg,real,real,0.010607,1
real_29316.jpg,real,real,0.000065,1
real_29336.jpg,real,real,0.000295,1
real_29452.jpg,real,real,0.000058,1
real_29640.jpg,real,real,0.000016,1
real_29710.jpg,real,real,0.011597,1
real_29711.jpg,real,real,0.000031,1
real_29806.jpg,real,real,0.000307,1
real_29850.jpg,real,real,0.000013,1
real_2993.jpg,real,real,0.000078,1
real_29979.jpg,real,real,0.001029,1
real_30168.jpg,real,real,0.000041,1
real_30185.jpg,real,real,0.000009,1
real_3027.jpg,real,real,0.000625,1
real_30529.jpg,real,real,0.014576,1
real_30557.jpg,real,real,0.000184,1
real_30940.jpg,real,real,0.000013,1
real_30951.jpg,real,fake,0.527850,0
real_31042.jpg,real,real,0.000092,1
real_31067.jpg,real,real,0.001133,1
real_31119.jpg,real,real,0.000018,1
real_31824.jpg,real,real,0.061177,1
real_31891.jpg,real,real,0.000011,1
real_31898.jpg,real,real,0.000079,1
real_31957.jpg,real,real,0.001820,1
real_31980.jpg,real,real,0.000023,1
real_32038.jpg,real,real,0.000024,1
real_32077.jpg,real,real,0.000474,1
real_32292.jpg,real,real,0.000003,1
real_32324.jpg,real,real,0.000004,1
real_32330.jpg,real,real,0.001382,1
real_32332.jpg,real,real,0.000063,1
real_32496.jpg,real,real,0.001254,1
real_32504.jpg,real,real,0.000105,1
real_32795.jpg,real,real,0.000029,1
real_32832.jpg,real,real,0.002875,1
real_32868.jpg,real,real,0.000081,1
real_32975.jpg,real,real,0.000016,1
real_33018.jpg,real,real,0.000073,1
real_33038.jpg,real,real,0.000001,1
real_33067.jpg,real,real,0.000001,1
real_33237.jpg,real,real,0.000111,1
real_33741.jpg,real,real,0.000015,1
real_3378.jpg,real,real,0.000011,1
real_34002.jpg,real,real,0.000014,1
real_34007.jpg,real,real,0.000009,1
real_34037.jpg,real,real,0.000011,1
real_34042.jpg,real,real,0.000122,1
real_34062.jpg,real,real,0.000095,1
real_34120.jpg,real,real,0.000001,1
real_34139.jpg,real,real,0.000009,1
real_34159.jpg,real,real,0.000645,1
real_3417.jpg,real,real,0.000655,1
real_34247.jpg,real,real,0.000024,1
real_34861.jpg,real,real,0.000051,1
real_34873.jpg,real,real,0.000030,1
real_34916.jpg,real,real,0.000003,1
real_35217.jpg,real,real,0.000058,1
real_35277.jpg,real,real,0.000002,1
real_35438.jpg,real,real,0.000015,1
real_35439.jpg,real,real,0.000176,1
real_35454.jpg,real,real,0.000151,1
real_35571.jpg,real,real,0.000004,1
real_3563.jpg,real,real,0.000006,1
real_35741.jpg,real,real,0.000002,1
real_35796.jpg,real,real,0.000006,1
real_35825.jpg,real,real,0.000469,1
real_36225.jpg,real,real,0.000086,1
real_36560.jpg,real,real,0.000015,1
real_36902.jpg,real,real,0.000033,1
real_37138.jpg,real,fake,0.551858,0
real_37184.jpg,real,real,0.000076,1
real_37204.jpg,real,real,0.000649,1
real_37230.jpg,real,real,0.000007,1
real_3725.jpg,real,real,0.004416,1
real_37310.jpg,real,real,0.000003,1
real_37320.jpg,real,real,0.002001,1
real_37327.jpg,real,real,0.000245,1
real_37334.jpg,real,real,0.000001,1
real_37388.jpg,real,real,0.000030,1
real_37415.jpg,real,real,0.000309,1
real_37501.jpg,real,real,0.000131,1
real_37570.jpg,real,real,0.000091,1
real_37623.jpg,real,real,0.000195,1
real_37865.jpg,real,real,0.002181,1
real_37871.jpg,real,real,0.000887,1
real_37932.jpg,real,real,0.000006,1
real_38005.jpg,real,real,0.000026,1
real_38162.jpg,real,real,0.000008,1
real_38253.jpg,real,real,0.000010,1
real_3839.jpg,real,real,0.011466,1
real_3859.jpg,real,real,0.000001,1
real_38966.jpg,real,real,0.000048,1
real_39021.jpg,real,real,0.000402,1
real_39024.jpg,real,real,0.000864,1
real_39114.jpg,real,real,0.011159,1
real_39240.jpg,real,real,0.019700,1
real_39269.jpg,real,real,0.000067,1
real_39505.jpg,real,real,0.000021,1
real_39675.jpg,real,real,0.000016,1
real_39806.jpg,real,real,0.000006,1
real_39866.jpg,real,real,0.000059,1
real_39939.jpg,real,real,0.000010,1
real_39999.jpg,real,real,0.000029,1
real_40000.jpg,real,real,0.000024,1
real_40020.jpg,real,real,0.000023,1
real_40226.jpg,real,real,0.000415,1
real_40253.jpg,real,real,0.000028,1
real_40385.jpg,real,real,0.000079,1
real_4041.jpg,real,real,0.001063,1
real_40509.jpg,real,real,0.000023,1
real_40528.jpg,real,real,0.000443,1
real_40709.jpg,real,real,0.001897,1
real_40726.jpg,real,real,0.000004,1
real_40783.jpg,real,real,0.000074,1
real_40884.jpg,real,fake,0.987807,0
real_40956.jpg,real,real,0.000059,1
real_41131.jpg,real,real,0.000619,1
real_41309.jpg,real,real,0.000480,1
real_41356.jpg,real,real,0.000005,1
real_41497.jpg,real,fake,0.514460,0
real_41618.jpg,real,real,0.000029,1
real_41815.jpg,real,real,0.000008,1
real_41943.jpg,real,real,0.010361,1
real_42223.jpg,real,real,0.000200,1
real_42286.jpg,real,real,0.000001,1
real_42581.jpg,real,real,0.000039,1
real_42595.jpg,real,real,0.016400,1
real_42598.jpg,real,real,0.010999,1
real_4260.jpg,real,real,0.000509,1
real_42719.jpg,real,real,0.000027,1
real_4280.jpg,real,real,0.000094,1
real_43095.jpg,real,real,0.014139,1
real_43281.jpg,real,real,0.000076,1
real_43345.jpg,real,fake,0.593655,0
real_43525.jpg,real,real,0.000569,1
real_43650.jpg,real,real,0.000166,1
real_43688.jpg,real,real,0.000004,1
real_43699.jpg,real,real,0.000401,1
real_43901.jpg,real,real,0.000025,1
real_44073.jpg,real,real,0.012253,1
real_44085.jpg,real,real,0.000068,1
real_44256.jpg,real,real,0.000985,1
real_44397.jpg,real,real,0.000100,1
real_44415.jpg,real,real,0.000090,1
real_44657.jpg,real,real,0.016266,1
real_4476.jpg,real,real,0.002106,1
real_44836.jpg,real,real,0.000181,1
real_4505.jpg,real,real,0.000033,1
real_45261.jpg,real,real,0.006545,1
real_45534.jpg,real,real,0.019623,1
real_45558.jpg,real,real,0.001836,1
real_45619.jpg,real,real,0.002467,1
real_45664.jpg,real,real,0.000106,1
real_46065.jpg,real,real,0.000001,1
real_4607.jpg,real,real,0.000777,1
real_46090.jpg,real,real,0.000008,1
real_46166.jpg,real,real,0.000004,1
real_46171.jpg,real,real,0.000585,1
real_46351.jpg,real,real,0.000025,1
real_46456.jpg,real,real,0.000006,1
real_4664.jpg,real,real,0.000889,1
real_46644.jpg,real,real,0.000012,1
real_46697.jpg,real,fake,0.508475,0
real_46995.jpg,real,real,0.009616,1
real_47275.jpg,real,real,0.000095,1
real_47407.jpg,real,real,0.000008,1
real_47422.jpg,real,real,0.000127,1
real_47545.jpg,real,real,0.000007,1
real_4757.jpg,real,real,0.000420,1
real_47582.jpg,real,real,0.000001,1
real_47648.jpg,real,real,0.301584,1
real_47748.jpg,real,real,0.000021,1
real_4787.jpg,real,real,0.000091,1
real_47954.jpg,real,real,0.000010,1
real_4817.jpg,real,real,0.000286,1
real_48225.jpg,real,real,0.000444,1
real_48335.jpg,real,real,0.004744,1
real_48392.jpg,real,real,0.000478,1
real_484.jpg,real,real,0.001568,1
real_48429.jpg,real,real,0.091710,1
real_48619.jpg,real,real,0.000003,1
real_48641.jpg,real,real,0.000015,1
real_48793.jpg,real,real,0.002126,1
real_48826.jpg,real,real,0.000017,1
real_48865.jpg,real,real,0.000013,1
real_48890.jpg,real,real,0.000819,1
real_48924.jpg,real,real,0.000181,1
real_48965.jpg,real,real,0.000046,1
real_49166.jpg,real,real,0.005543,1
real_49181.jpg,real,real,0.001781,1
real_49421.jpg,real,real,0.000007,1
real_49609.jpg,real,real,0.000040,1
real_49778.jpg,real,real,0.000007,1
real_49828.jpg,real,real,0.000354,1
real_50018.jpg,real,real,0.000633,1
real_50368.jpg,real,real,0.007539,1
real_50413.jpg,real,real,0.000108,1
real_5070.jpg,real,real,0.000072,1
real_50821.jpg,real,real,0.003216,1
real_50922.jpg,real,real,0.000001,1
real_50971.jpg,real,real,0.000408,1
real_51024.jpg,real,real,0.002244,1
real_51324.jpg,real,real,0.300005,1
real_51424.jpg,real,real,0.000025,1
real_51626.jpg,real,real,0.000002,1
real_51676.jpg,real,real,0.000145,1
real_5171.jpg,real,real,0.000171,1
real_5186.jpg,real,real,0.030387,1
real_51948.jpg,real,real,0.002166,1
real_51996.jpg,real,real,0.000033,1
real_52044.jpg,real,real,0.000247,1
real_52322.jpg,real,real,0.083027,1
real_52434.jpg,real,real,0.000953,1
real_52454.jpg,real,real,0.000002,1
real_52480.jpg,real,real,0.000551,1
real_52526.jpg,real,real,0.000015,1
real_52533.jpg,real,real,0.002956,1
real_52590.jpg,real,real,0.001230,1
real_52761.jpg,real,real,0.000018,1
real_52832.jpg,real,real,0.000527,1
real_52877.jpg,real,real,0.000001,1
real_53005.jpg,real,real,0.000345,1
real_53097.jpg,real,real,0.000015,1
real_53296.jpg,real,real,0.000004,1
real_5350.jpg,real,real,0.000069,1
real_53561.jpg,real,real,0.000338,1
real_53724.jpg,real,real,0.007256,1
real_53809.jpg,real,real,0.000181,1
real_53853.jpg,real,real,0.000771,1
real_54123.jpg,real,real,0.000106,1
real_54247.jpg,real,real,0.000428,1
real_54325.jpg,real,real,0.000211,1
real_54385.jpg,real,real,0.017180,1
real_54476.jpg,real,real,0.000040,1
real_54487.jpg,real,real,0.000107,1
real_54538.jpg,real,real,0.000003,1
real_54598.jpg,real,real,0.010248,1
real_54648.jpg,real,real,0.000011,1
real_54809.jpg,real,real,0.003227,1
real_54838.jpg,real,real,0.000142,1
real_54975.jpg,real,real,0.000007,1
real_55020.jpg,real,real,0.000062,1
real_55219.jpg,real,real,0.000177,1
real_5528.jpg,real,real,0.000033,1
real_55358.jpg,real,real,0.004708,1
real_55372.jpg,real,real,0.012558,1
real_55441.jpg,real,real,0.000002,1
real_55472.jpg,real,real,0.000063,1
real_55624.jpg,real,real,0.000022,1
real_55630.jpg,real,real,0.000048,1
real_55659.jpg,real,real,0.000046,1
real_5568.jpg,real,real,0.070099,1
real_55981.jpg,real,real,0.000039,1
real_56100.jpg,real,real,0.000068,1
real_56244.jpg,real,real,0.000510,1
real_56385.jpg,real,real,0.000600,1
real_56387.jpg,real,real,0.251449,1
real_56421.jpg,real,real,0.000029,1
real_56512.jpg,real,real,0.000265,1
real_56585.jpg,real,real,0.000696,1
real_56673.jpg,real,real,0.000254,1
real_56717.jpg,real,real,0.000024,1
real_56721.jpg,real,real,0.000140,1
real_56837.jpg,real,real,0.002143,1
real_56919.jpg,real,real,0.000002,1
real_56988.jpg,real,real,0.000097,1
real_57573.jpg,real,real,0.001810,1
real_5759.jpg,real,real,0.000001,1
real_57652.jpg,real,real,0.000014,1
real_57909.jpg,real,fake,0.847938,0
real_5794.jpg,real,real,0.168956,1
real_57977.jpg,real,real,0.000001,1
real_57991.jpg,real,real,0.004860,1
real_58089.jpg,real,real,0.000015,1
real_5810.jpg,real,real,0.001435,1
real_58360.jpg,real,real,0.000239,1
real_58374.jpg,real,real,0.000147,1
real_58445.jpg,real,real,0.000024,1
real_58471.jpg,real,real,0.002631,1
real_58547.jpg,real,real,0.000008,1
real_58672.jpg,real,real,0.007040,1
real_58738.jpg,real,real,0.000644,1
real_58849.jpg,real,real,0.000021,1
real_59003.jpg,real,real,0.000152,1
real_59073.jpg,real,real,0.003003,1
real_59119.jpg,real,real,0.000001,1
real_59386.jpg,real,real,0.000006,1
real_59490.jpg,real,real,0.000509,1
real_5957.jpg,real,real,0.000141,1
real_59599.jpg,real,real,0.004457,1
real_59617.jpg,real,real,0.000141,1
real_59631.jpg,real,real,0.000192,1
real_59670.jpg,real,real,0.000078,1
real_59755.jpg,real,real,0.000007,1
real_59784.jpg,real,real,0.001191,1
real_59909.jpg,real,real,0.000117,1
real_59949.jpg,real,real,0.000064,1
real_60077.jpg,real,real,0.000335,1
real_60086.jpg,real,real,0.000029,1
real_6014.jpg,real,real,0.000018,1
real_60304.jpg,real,real,0.000053,1
real_60311.jpg,real,real,0.000034,1
real_60488.jpg,real,real,0.000932,1
real_60668.jpg,real,real,0.000142,1
real_60730.jpg,real,real,0.000213,1
real_60874.jpg,real,real,0.000032,1
real_61087.jpg,real,real,0.000034,1
real_61218.jpg,real,real,0.000491,1
real_61226.jpg,real,real,0.000230,1
real_61291.jpg,real,real,0.000003,1
real_61338.jpg,real,real,0.001990,1
real_61344.jpg,real,real,0.008731,1
real_61660.jpg,real,real,0.000488,1
real_61724.jpg,real,real,0.000035,1
real_61755.jpg,real,real,0.000102,1
real_61819.jpg,real,real,0.000003,1
real_61879.jpg,real,real,0.001518,1
real_6193.jpg,real,real,0.000413,1
real_62123.jpg,real,real,0.000086,1
real_62323.jpg,real,real,0.000127,1
real_62564.jpg,real,real,0.000004,1
real_6257.jpg,real,real,0.000165,1
real_62606.jpg,real,real,0.000017,1
real_62739.jpg,real,real,0.000013,1
real_62834.jpg,real,real,0.000044,1
real_62990.jpg,real,real,0.000010,1
real_63258.jpg,real,real,0.000408,1
real_63299.jpg,real,real,0.000266,1
real_63651.jpg,real,real,0.190135,1
real_6376.jpg,real,real,0.000005,1
real_63920.jpg,real,real,0.044412,1
real_64031.jpg,real,real,0.000395,1
real_6409.jpg,real,real,0.000001,1
real_64417.jpg,real,real,0.002979,1
real_64451.jpg,real,real,0.000285,1
real_64468.jpg,real,real,0.000034,1
real_64527.jpg,real,real,0.000091,1
real_64561.jpg,real,real,0.000023,1
real_64572.jpg,real,real,0.000039,1
real_64612.jpg,real,real,0.000050,1
real_64697.jpg,real,real,0.000477,1
real_65070.jpg,real,real,0.001328,1
real_6536.jpg,real,real,0.003164,1
real_65393.jpg,real,real,0.000009,1
real_6542.jpg,real,real,0.006282,1
real_65782.jpg,real,real,0.000424,1
real_65852.jpg,real,real,0.000017,1
real_66086.jpg,real,real,0.002066,1
real_66188.jpg,real,real,0.000301,1
real_66284.jpg,real,real,0.000403,1
real_66452.jpg,real,real,0.007599,1
real_66514.jpg,real,real,0.001518,1
real_66562.jpg,real,real,0.000544,1
real_6657.jpg,real,real,0.001284,1
real_66850.jpg,real,real,0.031118,1
real_67068.jpg,real,real,0.000545,1
real_67123.jpg,real,real,0.000455,1
real_67127.jpg,real,real,0.000013,1
real_67310.jpg,real,fake,0.793793,0
real_67404.jpg,real,real,0.001023,1
real_67443.jpg,real,real,0.000561,1
real_6763.jpg,real,real,0.000048,1
real_67689.jpg,real,real,0.000033,1
real_67716.jpg,real,real,0.030216,1
real_67780.jpg,real,real,0.000184,1
real_67876.jpg,real,real,0.000047,1
real_6794.jpg,real,real,0.000006,1
real_67945.jpg,real,real,0.000021,1
real_67953.jpg,real,real,0.000019,1
real_68037.jpg,real,real,0.000929,1
real_68090.jpg,real,real,0.000389,1
real_68118.jpg,real,real,0.000167,1
real_68213.jpg,real,real,0.000013,1
real_68280.jpg,real,real,0.000345,1
real_68360.jpg,real,real,0.002289,1
real_68478.jpg,real,real,0.000006,1
real_68517.jpg,real,real,0.000005,1
real_68639.jpg,real,real,0.000021,1
real_68781.jpg,real,real,0.000371,1
real_68929.jpg,real,real,0.000001,1
real_68937.jpg,real,real,0.012830,1
real_68966.jpg,real,real,0.000004,1
real_6927.jpg,real,real,0.000968,1
real_69352.jpg,real,real,0.000105,1
real_69364.jpg,real,real,0.000314,1
real_69449.jpg,real,real,0.000183,1
real_69519.jpg,real,real,0.000011,1
real_69631.jpg,real,real,0.015569,1
real_6971.jpg,real,real,0.000035,1
real_69739.jpg,real,real,0.002371,1
real_6976.jpg,real,real,0.000393,1
real_69774.jpg,real,real,0.005401,1
real_69804.jpg,real,real,0.000342,1
real_69859.jpg,real,real,0.000931,1
real_7137.jpg,real,real,0.000360,1
real_7215.jpg,real,real,0.000274,1
real_7544.jpg,real,real,0.000028,1
real_7604.jpg,real,real,0.480215,1
real_7672.jpg,real,real,0.000058,1
real_7674.jpg,real,real,0.021229,1
real_7773.jpg,real,real,0.000285,1
real_7907.jpg,real,real,0.000092,1
real_8017.jpg,real,real,0.000039,1
real_8057.jpg,real,real,0.000181,1
real_8160.jpg,real,real,0.000074,1
real_8205.jpg,real,real,0.000005,1
real_8280.jpg,real,real,0.000256,1
real_8346.jpg,real,real,0.000028,1
real_8355.jpg,real,real,0.000095,1
real_8442.jpg,real,real,0.000013,1
real_8511.jpg,real,real,0.000011,1
real_855.jpg,real,real,0.001042,1
real_8603.jpg,real,real,0.000135,1
real_8697.jpg,real,real,0.001061,1
real_8867.jpg,real,real,0.000021,1
real_9083.jpg,real,real,0.000033,1
real_9106.jpg,real,real,0.000029,1
real_9147.jpg,real,real,0.000031,1
real_9228.jpg,real,real,0.000399,1
real_9272.jpg,real,real,0.001129,1
real_9331.jpg,real,real,0.000007,1
real_9531.jpg,real,real,0.005171,1
real_9573.jpg,real,real,0.000000,1
real_9684.jpg,real,real,0.002663,1
real_9737.jpg,real,real,0.030819,1
real_9797.jpg,real,real,0.000867,1
real_9798.jpg,real,real,0.000014,1
real_9951.jpg,real,real,0.000021,1
